<?xml version="1.0" encoding="utf-8" ?>
<data noupdate="1">
    <record id="trash_delete_file" model="ir.cron">
        <field name="name">Sales Clear Trash</field>
        <field name="model_id" ref="trash_management.model_trash_management"/>
        <field name="state">code</field>
        <field name="code">model.delete_trash()</field>
        <field name="user_id" ref="base.user_root"/>
        <field name="interval_number">1</field>
        <field name="interval_type">days</field>
        <field name="numbercall">-1</field>
    </record>
    <record id="purchase_trash_delete_file" model="ir.cron">
        <field name="name">Purchase Clear Trash</field>
        <field name="model_id" ref="trash_management.model_purchase_trash"/>
        <field name="state">code</field>
        <field name="code">model.delete_purchase_trash()</field>
        <field name="user_id" ref="base.user_root"/>
        <field name="interval_number">1</field>
        <field name="interval_type">days</field>
        <field name="numbercall">-1</field>
    </record>
    <record id="invoice_trash_delete_file" model="ir.cron">
        <field name="name">Invoice Clear Trash</field>
        <field name="model_id" ref="trash_management.model_invoice_trash"/>
        <field name="state">code</field>
        <field name="code">model.delete_invoice_trash()</field>
        <field name="user_id" ref="base.user_root"/>
        <field name="interval_number">1</field>
        <field name="interval_type">days</field>
        <field name="numbercall">-1</field>
    </record>
    <record id="inventory_trash_delete_file" model="ir.cron">
        <field name="name">Inventory Clear Trash</field>
        <field name="model_id" ref="trash_management.model_inventory_trash"/>
        <field name="state">code</field>
        <field name="code">model.delete_inventory_trash()</field>
        <field name="user_id" ref="base.user_root"/>
        <field name="interval_number">1</field>
        <field name="interval_type">days</field>
        <field name="numbercall">-1</field>
    </record>
    <record id="batch_wave_trash_delete_file" model="ir.cron">
        <field name="name">Batch Wave Clear Trash</field>
        <field name="model_id" ref="trash_management.model_batch_wave_trash"/>
        <field name="state">code</field>
        <field name="code">model.delete_batch_wave_trash()</field>
        <field name="user_id" ref="base.user_root"/>
        <field name="interval_number">1</field>
        <field name="interval_type">days</field>
        <field name="numbercall">-1</field>
    </record>
    <record id="scrap_trash_delete_file" model="ir.cron">
        <field name="name">Scrap Clear Trash</field>
        <field name="model_id" ref="trash_management.model_scrap_trash"/>
        <field name="state">code</field>
        <field name="code">model.delete_scrap_trash()</field>
        <field name="user_id" ref="base.user_root"/>
        <field name="interval_number">1</field>
        <field name="interval_type">days</field>
        <field name="numbercall">-1</field>
    </record>
    <record id="landed_cost_trash_delete_file" model="ir.cron">
        <field name="name">Landed Cost Clear Trash</field>
        <field name="model_id" ref="trash_management.model_landed_cost_trash"/>
        <field name="state">code</field>
        <field name="code">model.delete_landed_cost_trash()</field>
        <field name="user_id" ref="base.user_root"/>
        <field name="interval_number">1</field>
        <field name="interval_type">days</field>
        <field name="numbercall">-1</field>
    </record>
</data>